RH01032RN,1,2,,Standard
MCT2847F3,1,2,,Premium
RH00063,1,2,,Layered
RH00016,1,2,,Premium
MW00139F3,,,,Standard
MCT2739,1,,2,Premium
MW00599,1,,,Premium
MCT3637,1,2,,Layered
RH00020S,1,2,,Self-Support
RH00845,1,2,,Premium
RS0124420,6,,,Standard
DO409VC,,,,
RH00977F3,1,2,,Standard
RH2626122F3,1,2,,Self-Support
MW00101,1,,16,Standard
RH00293F3,1,2,,Standard
MCT3756,1,0,2,Standard
MW00122,,,,Premium
RH1594805,1,,,Layered
RH00837F3RN,1,2,,Layered
MW0933197F3,1,,64,Premium
RS0161878F3,10,,,Premium
RH00150RN,1,2,,Premium
MCT3769F3RN,1,0,64,Standard
RH00122F5,1,2,,Layered
MCT3478F3,1,2,,Premium
RH0154946F3,1,1,,Premium
RH00846RN,1,2,,Standard
MW00139,,,,Standard
MW00514,1,,,Premium
RH2637076RN,1,2,,Standard
MW00140,,,,
MW2680656,1,,16,Premium
RH00034F3,1,2,,Layered
RH00008F3RN,1,2,,Premium
RH0100612F3,1,4,,Standard
RH00294S,1,2,,Premium
MCT1850,1,2,,Premium
RH00150F3RN,1,2,,Premium
RH00742F3,1,2,,Layered
MCT3827,1,0,2,Standard
RH2686509,1,2,,Standard
MW2250092F3,1,,64,Premium
MW0943322RN,1,,64,Standard
RH00027RN,1,2,,Layered
RH00080,1,2,,Standard
RH00148,1,2,,Premium
RH00014S,1,2,,Standard
RH00589RN,1,2,,Standard
RH00023,1,2,,Premium
RH0525573F3RN,,2,,Standard
RH00853RN,1,2,,Premium
MW00146F3,,,,Premium
RH00394F3RN,1,2,,Premium
RH0186633,1,8,,Standard
MCT2989F3,1,2,,Premium
RH0111823,1,4,,Premium
RV0235489,1,2,,Standard
RH00593F3,1,2,,Self-Support
RH1596138S,1,,,Layered
MW3020056F3RN,1,,16,Standard
MCT2748RN,1,,2,Standard
RH00891,1,2,,Premium
RH01031RN,1,2,,Premium
RH00080F5,1,2,,Standard
MCT2346,1,,,Standard
RH00033S,1,2,,Layered
RH0136177F5,1,1,,Premium
RH00157,1,2,,Standard
RH1547134,2000,,,Layered
MCT3753F3,1,0,2,Premium
RH00566,1,2,,Premium
MCT2897F5,1,2,,Standard
RH00299F5,1,2,,Standard
RH00563,1,2,,Standard
RH00041RN,1,2,,Layered
MW3020056RN,1,,16,Standard
RH0981731S,1,2,,Standard
MCT0919,1,2,,Standard
MCT2518,1,,1,Premium
RH00031F5,1,2,,Layered
RH00555F3RN,1,2,,Premium
RH00497,1,2,,Premium
RH00857,1,2,,Layered
RV00026F3,1,2,,Premium
RH00883RN,1,2,,Premium
RH00012F3,1,2,,Standard
MW2245273RN,1,,64,Standard
MCT2318F3,1,,4,Standard
MW2300282RN,1,,16,Premium
RH00059F3RN,1,2,,Layered
RH00577F5,1,2,,Standard
MCT3264,1,2,,Premium
RH1421200F5,1,2,,Layered
MW0153748F3,1,,16,Premium
RH0598974,,2,,Premium
RH1521643RN,Unlimited,,,Layered
MCT3586,1,2,0,Premium
RH00041,1,2,,Layered
RH134R,,,,
MW2377685RN,1,,16,Standard
MCT0345F3,1,2,,Basic
RH00153F3RN,1,2,,Standard
RS00211,1,,,Layered
RH00740F3,1,2,,Self-Support
MCT2862F3RN,1,2,,Premium
RH00009F3,1,2,,Standard
MCT2936F5,1,2,,Standard
RH00032F3RN,1,2,,Layered
MW0935445F3RN,1,,16,Premium
RH0948581,1,2,,Standard
RH00849RN,1,2,,Standard
MCT3474S,1,2,,Layered
RS00186HR,1,,,Premium
RH00080F3RN,1,2,,Standard
RH00579,1,2,,Standard
MW3006946RN,1,,16,Standard
RH00098F5,1,2,,Layered
MCT2862,1,2,,Premium
SER0602,1,,2,Standard
MCT3323,1,2,,Premium
MW2162525F3RN,1,,64,Standard
RH00592,1,2,,Self-Support
MW0257747F3RN,1,,64,Premium
RH00200F3,1,2,,Premium
RH00061F3,1,2,,Layered
RH1139718F3,1,2,,Layered
MW0104860RN,1,,64,Standard
RH00585F3,1,2,,Standard
RH00777,1,2,,Layered
RV00100,1,2,,Layered
RH01031,1,2,,Premium
RH00010F3RN,1,2,,Self-Support
MW2281754,1,,16,Premium
RH0101594RN,1,2,,Standard
MW00114F3RN,2,,4,Premium
RH2325571,,2,,AMC
RH00131RN,1,2,,Standard
RH00161RN,1,2,,Standard
RH0981731F5,1,2,,Standard
RH0197329RN,1,2,,Premium
RH00249,1,1,,Standard
RH00560RN,1,2,,Self-Support
MCT2519,1,,1,Standard
MW2854651,1,,16,Standard
RH00136F5,1,2,,Premium
RV0196478F5,,1,,Standard
RH00171,1,2,,Standard
RH00077F5,1,2,,Premium
RH00848RN,1,2,,Premium
MW00114,2,,4,Premium
RH00036RN,1,2,,Layered
MW00008F3,1,2,,Premium
RH01930,1,2,,Standard
RH0126472,1,2,,Self-Support
MW00628,Unlimited,,,Premium
RH0111912F3,1,2,,Premium
RH00059,1,2,,Layered
MW00115RN,,,4,Standard
RV00086S,1,2,,Standard
RH00512F5,1,2,,Layered
RH1113009,1,2,,Layered
RH00013S,1,2,,Premium
RH00845RN,1,2,,Premium
MCT3479,1,2,,Standard
MW3052897S,1,,64,Standard
MW00100RN,1,,16,Premium
MW00114RN,2,,4,Premium
RH0198364F5,1,2,,Premium
RH0958488F3RN,1,2,,Standard
RH00744F3,1,2,,Layered
RH00033,1,2,,Layered
MW00115F3RN,,,4,Standard
RV0196478,,1,,Standard
MW0257747S,1,,64,Premium
RH00758F3,1,2,,Standard
RH00121F3,1,2,,Layered
RH00498F3,1,2,,Layered
RH00369S,1,2,,Standard
RS0112235F3RN,1,,,Premium
RH2739527,1,2,,Layered
MW2703272F3,1,,16,Premium
RH00839,1,2,,Premium
RH00576,1,2,,Premium
RH2262474F3RN,1,8,,Self-Support
MW0105921,1,,4,Premium
MCT2990S,1,2,,Standard
RH00394F3,1,2,,Premium
RH0986300RN,1,2,,Self-Support
RH0962876,1,1,,Standard
RH0118765F3,1,4,,Premium
RH00648,1,2,,Premium
MCT2736F3,1,,2,Standard
MW2132048F3RN,1,,16,Premium
MW00519,1,,,Premium
RH00301RN,1,2,,Standard
RV0235489RN,1,2,,Standard
MW0929366,1,,64,Standard
RS0137398RN,20,,,Premium
RS00164,1,2,,Standard
RV00050,1,2,,Premium
RH1145289,1,2,,Layered
RH0958488RN,1,2,,Standard
RH00087F3,1,2,,Premium
RH00296F5,1,2,,Premium
RH00294RN,1,2,,Premium
RH00904RN,1,2,,Standard
RH00372RN,1,2,,Standard
RH0125194,1,4,,Standard
MW00329F3RN,32,0,16,Premium
RS0112235S,1,,,Premium
MCT3477RN,1,2,,Standard
RH00103F5,1,2,,Layered
RH0197181RN,1,2,,Self-Support
MW2201632RN,1,,64,Standard
RH00149F5,1,2,,Standard
RH0134973,1,2,,Premium
MW0161758F3,1,,64,Premium
RH00241RN,1,2,,Standard
MCT2930,1,2,,Standard
MCT3478S,1,2,,Premium
RH0101594F3,1,2,,Standard
MCT2990F5,1,2,,Standard
MW0105921RN,1,,4,Premium
MCT3001,1,2,,Standard
RH00248,1,1,,Premium
RH00563F5,1,2,,Standard
RH00323,1,2,,Standard
RH0407062S,100,0,,Premium
MW0290056F3,1,,64,Standard
RH00025F3,1,2,,Layered
MCT2712,1,,,Premium
RS0149526,1,,,Standard
MW2636770,1,,16,Standard
MW00623,1,,2,Premium
MW2349839,1,,16,Self-Support
RV0213787,1,2,,Premium
RH00649S,1,2,,Standard
MCT0919F3,1,2,,Standard
RH00004F5,1,2,,Standard
RH00783,1,2,,Standard
MW0169776RN,1,,64,Premium
RH00316F3,1,2,,Premium
RH00784,1,2,,Premium
RH0324460,1,2,,Standard
RV00011S,1,2,,Standard
MCT3583,1,0,2,Premium
RV00045,1,,,Layered
RH01129RN,1,2,,Self-Support
MW2609165RN,1,,64,Standard
MW2124250RN,1,,64,Premium
RH00313F3,1,2,,Standard
RV00041,1,2,,Layered
MW00084F3,1,2,,Premium
MW0401904,1,,16,Premium
RH00077,1,2,,Premium
RH0192098RN,1,2,,Standard
RH00004F3RN,1,2,,Standard
RH0907987F3,1,2,,Premium
RH00250RN,1,2,,Layered
RH0100931RN,1,4,,Standard
MW00602,1,,,Premium
RH00016S,1,2,,Premium
MCT2071RN,1,,64,Premium
RH00155RN,1,2,,Standard
RH00199S,1,2,,Standard
RH0136177,1,1,,Premium
MW00332F3,128,0,64,Standard
RV0226880S,1,2,,Premium
RV00012,1,2,,Premium
RH0125194F5,1,4,,Standard
MW2854651F3,1,,16,Standard
RH0127756F3,1,4,,Premium
RH00007F5,1,2,,Standard
MW0929806,1,,16,Self-Support
MCT2989,1,2,,Premium
RH00740RN,1,2,,Self-Support
RH00395F3,1,2,,Premium
MW2609165S,1,,64,Standard
RS0116327S,5,,,Standard
RV00008S,1,2,,Standard
RH00848,1,2,,Premium
MW0906233S,1,,16,Standard
MW0222212,1,,4,Premium
RH00015F3RN,1,2,,Self-Support
MW0153748F3RN,1,,16,Premium
RS0124420F3,6,,,Standard
RH0322810S,1,2,,Premium
MW00004F3,1,2,,Premium
MW2111664RN,1,,64,Standard
RH00015RN,1,2,,Self-Support
RH00245,1,2,,Standard
RH0324460F3,1,2,,Standard
LS300,,,,
RH0101594F3RN,1,2,,Standard
MW00103,1,,64,Standard
RH00042F3,1,2,,Layered
MW0335876,1,,4,Standard
RH00021F3,1,2,,Premium
MW00534,1,,,Premium
RH00564F5,1,2,,Self-Support
RH0515353F3,,2,,Premium
MW2774499,1,,64,Standard
MW2315603RN,1,,16,Standard
MCT2890,1,8,,Premium
RH00016F3,1,2,,Premium
MW3051419,1,,4,Premium
RV00018,1,2,,Premium
RH0258149,,8,,Standard
RH00252F3,1,2,,Layered
MW0161108F3,1,,16,Premium
RH0612908F3,,2,,Self-Support
RH1261574,1,2,,Layered
RH0636557,,2,,Self-Support
MCT0988,1,2,,Basic
RH00266F3,1,2,,Premium
RH0388241F5,1,2,,Premium
MCT3021,1,2,,Standard
RH0612148F3,,4,,Self-Support
MCT2735,1,,2,Premium
MCT2517,1,,1,Standard
MW2297350RN,1,,16,Standard
RH2828821,1,2,,Layered
MCT2887F3RN,1,2,,Standard
RH0525573F3,,2,,Standard
MW2851837RN,1,,64,Standard
MW2854651RN,1,,16,Standard
RH00155F3,1,2,,Standard
MW0186831F3,1,,64,Standard
MW1953034S,1,,64,Premium
RH00084F3,1,2,,Standard
MCT2956,1,,,Premium
RH00766F3,1,2,,Standard
RS0149526RN,1,,,Standard
MW0232248,1,,16,Standard
RH0149709F5,1,2,,Standard
MCT0997F3,1,2,,Basic
RV00022RN,1,2,,Premium
RH00262RN,1,2,,Layered
RH00061,1,2,,Layered
RH00026F5,1,2,,Layered
MW00151F3,,,,Standard
RH00031F3,1,2,,Layered
RH00305,1,2,,Standard
MW00333,8,0,16,Premium
RH0616170F3,,2,,Self-Support
RH00030F5,1,2,,Layered
MW00329,32,0,16,Premium
RH00309RN,1,2,,Standard
RV0112483F3,,1,,Premium
MW2297350F3,1,,16,Standard
RH0391772,1,8,,Premium
RV00067,1,2,,Premium
RH00564,1,2,,Self-Support
RV00021S,1,2,,Standard
RH00015F3,1,2,,Self-Support
RH00077F3,1,2,,Premium
RH1421200,1,2,,Layered
RH00570F3,1,2,,Self-Support
RH00322F3,1,2,,Premium
MCT2887F3,1,2,,Standard
MW0935445F3,1,,16,Premium
RH0175437F3,1,2,,Premium
RH00570F5,1,2,,Self-Support
MW2402247RN,1,,16,Standard
RH0167496,1,8,,Standard
RH00200F5,1,2,,Premium
MW0191116F3,1,,1,Standard
RH00840RN,1,2,,Standard
MW2254895S,1,,16,Standard
MW00089,1,2,,Standard
RH0103678F3,1,2,,Premium
MCT1728,1,4,,Premium
MW0384763RN,1,,16,Premium
MCT2927F3RN,1,2,,Premium
RH00023S,1,2,,Premium
RH00740F5,1,2,,Self-Support
RH00844F3,1,2,,Standard
RH00004S,1,2,,Standard
RH00102RN,1,2,,Layered
MW0129675,1,,16,Premium
MW0104860,1,,64,Standard
MW0330103F3,1,,16,Standard
MW2636770F3,1,,16,Standard
RH00059RN,1,2,,Layered
MW2680656RN,1,,16,Premium
RH00004F3,1,2,,Standard
MW00508S,1,,,Premium
RH00767,1,2,,Premium
MCT2980F3RN,1,2,,Standard
RH00150F5,1,2,,Premium
MW2212035,1,,16,Self-Support
RH0923296F3RN,1,2,,Premium
RH0515353F5,,2,,Premium
RV0213787F3RN,1,2,,Premium
MW0935445,1,,16,Premium
RH0951739,1,2,,Standard
RH00148RN,1,2,,Premium
ESA0019,Unlimited,0,Unlimited,Premium
ESA0041,Unlimited,0,Unlimited,Premium
RH00008F5,1,2,,Premium
RH00016RN,1,2,,Premium
RH0103678,1,2,,Premium
RH00810,1,1,,Premium
MW00331,128,0,64,Premium
RH00151,1,2,,Standard
SER0424,16,,2,Standard
MCT3769,1,0,64,Standard
MW00084,1,2,,Premium
RH2054484,,2,,Self-Support
RH0192098F5,1,2,,Standard
RH01180RN,1,2,,Standard
LS120,,,,
MCT2844F3RN,1,2,,Premium
RH00255F3,1,2,,Layered
RH00196F3,1,2,,Premium
RH00305F5,1,2,,Standard
MW0922716,1,,16,Premium
MCT2990,1,2,,Standard
RH01178RN,Unlimited,,,Layered
MW2484866S,1,,64,Standard
RH0844913RN,1,1,,Self-Support
RH00815F5,1,2,,Standard
RV00051,1,2,,Standard
MCT2856RN,1,2,,Premium
MW2870549,1,,64,Premium
RH0165540F5,1,4,,Standard
MW2132048F3,1,,16,Premium
RH00750S,1,2,,Layered
RH00060F3,1,2,,Layered
RH1145289F3,1,2,,Layered
RH2371794F3,,2,,Premium
MW3023854,1,,64,Premium
MCT2898F3,1,2,,Premium
RH00197RN,1,2,,Standard
RH00274RN,1,2,,Layered
RH00003S,1,2,,Premium
RH00032S,1,2,,Layered
RH0100778F3,1,8,,Standard
RS0177181,8,,,Self-Support
MW00336,32,0,64,Standard
MCT3840,1,,,Layered
MCT2979S,1,2,,Premium
MW00140HR,,,,
RH00079RN,1,2,,Premium
MCT2884RN,1,2,,Premium
RH00552,1,2,,Standard
RH00063S,1,2,,Layered
RH0844913F3,1,1,,Self-Support
RH00137F3,1,2,,Standard
RH00137F5,1,2,,Standard
RH1512654,Unlimited,,,Layered
RH0134973F5,1,2,,Premium
MW0257747F3,1,,64,Premium
RH00083F3,1,2,,Premium
RS0143423RN,5,,,Premium
RH00020F3RN,1,2,,Self-Support
MW0161758,1,,64,Premium
MW2799571F3,1,,16,Standard
RH00562,1,2,,Premium
MW3052897RN,1,,64,Standard
RH00059F5,1,2,,Layered
MCT2844F3,1,2,,Premium
MCT3760,1,0,2,Standard
MW2137094,1,,16,Standard
RH0162111F3,1,2,,Standard
RH00240RN,1,2,,Premium
MW00448,1,0,2,Premium
MCT1849F3,1,2,,Standard
MW00374,32,0,16,Premium
RH00741RN,1,2,,Self-Support
RH00018S,1,2,,Premium
MW00700,10,,1,Layered
RH00018F3,1,2,,Premium
RH00018RN,1,2,,Premium
RH00102,1,2,,Layered
MCT2886F3RN,1,2,,Premium
RH00293,1,2,,Standard
MW2803503S,1,,16,Premium
MCT3020,1,2,,Premium
RH0811325RN,50,1,,Premium
RH00030S,1,2,,Layered
RV0226880,1,2,,Premium
MCT3266,1,2,,Standard
RH00154,1,2,,Premium
RH00002F3,1,2,,Standard
RH1548167,4,,,Layered
RH00765,1,2,,Premium
MW2625234,1,,16,Premium
RS0184177RN,10,,,Standard
MW3087625,1,,64,Premium
MW3020056S,1,,16,Standard
RH0197181,1,2,,Self-Support
MCT2930RN,1,2,,Standard
RH00166,1,2,,Premium
RH0844913S,1,1,,Self-Support
MCT2933RN,1,2,,Premium
MCT3156,1,2,,Premium
RV0213787F5,1,2,,Premium
MCT2861,1,8,,Standard
RH00854RN,1,2,,Standard
RH00308F3,1,2,,Premium
RH00005F3RN,1,2,,Self-Support
RH0230764,,4,,Standard
RH0939552,1,2,,Premium
RH0136096F5,1,2,,Standard
RH00303S,1,2,,Standard
MW2132048S,1,,16,Premium
MW2257476S,1,,16,Premium
RH00158S,1,2,,Premium
RH00796F3,1,2,,Self-Support
MW00118F3,,,,Premium
RH00083F5,1,2,,Premium
RH0493440S,100,0,,Premium
MW00132HR,,,,
MW2175102F3,1,,64,Premium
RH0100931,1,4,,Standard
MW00550,1,,,Premium
MCT3578,1,2,0,Premium
RH0645291,,4,,Self-Support
RH00004,1,2,,Standard
RH00304,1,2,,Premium
RH00266,1,2,,Premium
RH00315F3,1,2,,Standard
RH0111823F3,1,4,,Premium
RH00152RN,1,2,,Premium
RS0180227F3,20,,,Standard
MW1981934RN,1,,16,Standard
MW0129675F3,1,,16,Premium
RH00177F3,1,2,,Standard
RH00768,1,2,,Standard
RH0154946F5,1,1,,Premium
MW2258545RN,1,,4,Standard
RH01916,1,2,,Premium
MW2315603F3,1,,16,Standard
RH00097,1,2,,Layered
RH00979,1,2,,Standard
MCT0924,1,2,,Premium
RH0388241F3,1,2,,Premium
RH1548167F3,4,,,Layered
MW2250092F3RN,1,,64,Premium
RH00764S,1,2,,Standard
RH1150675F3,1,2,,Layered
RH00855RN,1,2,,Premium
RH00320RN,1,2,,Premium
MCT3818,1,2,,Premium
RH00313RN,1,2,,Standard
RH00081F3RN,1,2,,Premium
RH00102F3RN,1,2,,Layered
MW2300282F3RN,1,,16,Premium
MW1886065,1,,64,Standard
MW00122F3,,,,Premium
RH00078F3,1,2,,Standard
RH00011RN,1,2,,Premium
MCT3638,1,2,,Layered
RH00061S,1,2,,Layered
MW0290056S,1,,64,Standard
MCT3479RN,1,2,,Standard
MW2300282S,1,,16,Premium
RH00028S,1,2,,Layered
RH00044F3,1,2,,Layered
MW0924188,1,,16,Standard
RH0991602,1,2,,Standard
MW2483407,1,,4,Standard
RH00513,1,2,,Layered
RH0133325,1,4,,Premium
MW00003F3RN,1,2,,Standard
JB248R,,,,
RH00765F5,1,2,,Premium
MCT3006F3,1,2,,Premium
RH01126F3,1,2,,Self-Support
LS220-100,,,,
RH00589F3,1,2,,Standard
SER0419,16,,2,Self-Support
RH00103,1,2,,Layered
SER0568QU,16,,2,Self-Support
MW0290056RN,1,,64,Standard
RH00293F3RN,1,2,,Standard
RH0104025F5,1,2,,Standard
RH00032,1,2,,Layered
RS0112235F3,1,,,Premium
RH00244F3,1,2,,Premium
RH00305F3,1,2,,Standard
RH00167,1,2,,Standard
MW3020056,1,,16,Standard
RH00240F3,1,2,,Premium
RH00560S,1,2,,Self-Support
RH00149,1,2,,Standard
MW0933197RN,1,,64,Premium
RH0574391F3,,2,,Standard
RS0180227RN,20,,,Standard
RH00138RN,1,2,,Premium
MW2349270,1,,4,Premium
MW2797377F3,1,,64,Standard
RH00559RN,1,2,,Self-Support
RV00001,1,2,,Premium
RH00083,1,2,,Premium
RH00061F5,1,2,,Layered
MCT2980S,1,2,,Standard
RH00163RN,1,2,,Standard
MCT2989F3RN,1,2,,Premium
RH0149450,1,2,,Premium
RH0192098,1,2,,Standard
RH0598974F3,,2,,Premium
MW3052897F3,1,,64,Standard
RH00123RN,1,2,,Layered
MCT2841F3RN,1,2,,Standard
RH00630,1,2,,Layered
MW00147F3,,,,Standard
RH00262F3,1,2,,Layered
RH1150675RN,1,2,,Layered
MW00141,,,,
RH00028,1,2,,Layered
MW2399076F3RN,1,,64,Premium
SER0620,1,,2,Standard
RH00559F3,1,2,,Self-Support
MW2377685,1,,16,Standard
MW2689800RN,1,,64,Premium
MCT2838F3,1,2,,Premium
RH0612148F5,,4,,Self-Support
RH00010S,1,2,,Self-Support
MW00147RN,,,,Standard
RH0639603F3,,4,,Self-Support
RH00304F5,1,2,,Premium
RH01910RN,1,2,,Premium
MW0561453RN,1,,4,Premium
RH00375,1,2,,Standard
RH00043F3RN,1,2,,Layered
RH00763F3RN,1,2,,Premium
MW2854651S,1,,16,Standard
RH00020,1,2,,Self-Support
MW0581230,1,,16,Premium
RH00169,1,2,,Standard
MCT2989RN,1,2,,Premium
RH00079F5,1,2,,Premium
RC0305160,22,,,Premium
RH0197329S,1,2,,Premium
MW00093F3,1,2,,Standard
RH0962876RN,1,1,,Standard
RH0155783,1,2,,Premium
RH00374RN,1,2,,Premium
MCT2885F3,1,2,,Standard
RH00122,1,2,,Layered
MCT2847RN,1,2,,Premium
MCT3558MO,,,,Premium
RH00082RN,1,2,,Standard
RH00201F3,1,2,,Standard
RH01938,1,2,,Premium
RH00765F3,1,2,,Premium
RH00846F3,1,2,,Standard
MW2300217,1,,64,Standard
RH00583S,1,2,,Self-Support
RH00764F3RN,1,2,,Standard
MCT3584,1,2,0,Standard
RH00197F3RN,1,2,,Standard
MW2276196,1,,1,Standard
RH0178397,1,4,,Standard
RV00017,1,2,,Standard
RH00851,1,2,,Standard
RH00293RN,1,2,,Standard
RH01032,1,2,,Standard
RH0676846F3,,4,,Self-Support
MCT2981S,1,2,,Premium
RH0302128,1,2,,Standard
MW00334,8,0,16,Standard
RH2675442RN,1,4,,Premium
RH00738F5,1,2,,Premium
RH00167F5,1,2,,Standard
RH00137RN,1,2,,Standard
RH00027F5,1,2,,Layered
RH2985771,1,2,,Standard
RV00098,1,2,,Layered
RH0616170,,2,,Self-Support
RH1590582F3,Unlimited,,,Layered
RH1775867,1,4,,Layered
DO280R,,,,
MW00472,,,2,Premium
RH00738RN,1,2,,Premium
RH00815,1,2,,Standard
RH0525573F5,,2,,Standard
RH0100612F5,1,4,,Standard
SER0444,3,4,,Standard
RH1767396,1,8,,Layered
RS00213,1,,24,Standard
RH00009F3RN,1,2,,Standard
MW3052897,1,,64,Standard
RH0165545F5,1,4,,Premium
MCT2847F3RN,1,2,,Premium
RS0116327F3RN,5,,,Standard
RH00018F3RN,1,2,,Premium
MCT2887RN,1,2,,Standard
MW2484866F3,1,,64,Standard
RS00205,1,,,Standard
RH0286853,,4,,Premium
RH00104RN,1,2,,Layered
MW00676,Unlimited,,2,Premium
RH0525573RN,,2,,Standard
MW00449,8,0,16,Premium
MW2826958RN,1,,16,Standard
RH00605,1,2,,Standard
RH00254F5,1,2,,Layered
MCT2982S,1,2,,Standard
RH1552955F3,Unlimited,,,Layered
MW2354049,1,,4,Premium
RH00121F5,1,2,,Layered
RH0147485,1,8,,Premium
MW00505,1,,,Premium
RH00034,1,2,,Layered
RH1394561,1,2,,Layered
RH00199F3,1,2,,Standard
RH00764F5,1,2,,Standard
MCT2863S,1,2,,Standard
MW00148HR,,,,
RH00845F3,1,2,,Premium
RH00267F3,1,2,,Standard
RH00031F3RN,1,2,,Layered
RS00165,1,2,,Standard
RH00148S,1,2,,Premium
RH00246RN,1,2,,Premium
MW2162525S,1,,64,Standard
MW00103RN,1,,64,Standard
RH00032F5,1,2,,Layered
MCT3020F3,1,2,,Premium
MW0144324,1,,4,Standard
MCT3582,1,2,0,Premium
MW00601,1,,,Premium
RH00395,1,2,,Premium
RH0958488,1,2,,Standard
MCT3475,1,2,,Layered
MW00138RN,2,,4,Premium
RV0243858F3,1,2,,Premium
RS0112235RN,1,,,Premium
RH0525573S,,2,,Standard
MW0153748,1,,16,Premium
MW00600,1,,,Premium
RH00862,1,2,,Standard
MCT2862F3,1,2,,Premium
RH00307F3,1,2,,Standard
RH0958488S,1,2,,Standard
RH00026S,1,2,,Layered
RH00025F3RN,1,2,,Layered
RS0180227S,20,,,Standard
MW00506,1,,,Premium
RH00255,1,2,,Layered
RH1512654F3,Unlimited,,,Layered
RH0923296RN,1,2,,Premium
MCT2841S,1,2,,Standard
MW2315603S,1,,16,Standard
MCT2862S,1,2,,Premium
RH00559,1,2,,Self-Support
RH00578F3,1,2,,Self-Support
MCT3557MO,,,,Premium
RH0136177F3,1,1,,Premium
RH01913,1,2,,Standard
MCT3637S,1,2,,Layered
RH00394,1,2,,Premium
MW2493699S,1,,16,Standard
RH00498F5,1,2,,Layered
RS00210,1,,,Layered
RH00026RN,1,2,,Layered
RH00041F3,1,2,,Layered
RH00323RN,1,2,,Standard
RH00081RN,1,2,,Premium
MCT3475RN,1,2,,Layered
ESA0051,Unlimited,0,Unlimited,Premium
RH00043RN,1,2,,Layered
MW2765910,1,,64,Premium
RH00161F3,1,2,,Standard
RH00013F5,1,2,,Premium
RH00556F5,1,2,,Standard
RH00122F3,1,2,,Layered
RH00320F3,1,2,,Premium
MCT2982F3RN,1,2,,Standard
MCT3020RN,1,2,,Premium
RH00003,1,2,,Premium
RH00034RN,1,2,,Layered
RH0190347RN,1,2,,Standard
RH00010,1,2,,Self-Support
RH0134405,1,2,,Premium
MCT2887S,1,2,,Standard
RH00078F5,1,2,,Standard
MW0118519S,1,,64,Standard
RH00149F3,1,2,,Standard
RH00274,1,2,,Layered
RH0104025F3,1,2,,Standard
RH00024,1,2,,Standard
MCT2739S,1,,2,Premium
MCT3585,1,0,2,Standard
MCT2847,1,2,,Premium
RH00102F3,1,2,,Layered
MCT3841,1,,,Layered
MCT3475F3RN,1,2,,Layered
RH1128170,1,8,,Layered
RH0120967F3,1,2,,Standard
RH2371454,,2,,AMC-Enhanced
RH00885,1,2,,Premium
RH0989838RN,1,2,,Standard
RH00010RN,1,2,,Self-Support
RH00154S,1,2,,Premium
RH00098F3,1,2,,Layered
MW00363,128,0,64,Premium
MW0104860F3,1,,64,Standard
RH1710028,1,8,,Layered
RH2626122,1,2,,Self-Support
MW00136,,,,
MW2799571,1,,16,Standard
RH01933,1,2,,Premium
MW2258545,1,,4,Standard
RS0124420RN,6,,,Standard
RH01031F3,1,2,,Premium
RH00270RN,1,2,,Layered
MW2179233,1,,4,Premium
MW0222833F3RN,1,,16,Premium
RH1521643F3,Unlimited,,,Layered
RH1596138,1,,,Layered
RH00574F3,1,2,,Standard
MCT2863RN,1,2,,Standard
MW2250092,1,,64,Premium
RH00560,1,2,,Self-Support
MCT2740,1,,4,Premium
RH2739527RN,1,2,,Layered
MCT3824,1,0,2,Premium
RH00031,1,2,,Layered
MW0933197,1,,64,Premium
RH00017F3RN,1,2,,Standard
RH00240F5,1,2,,Premium
RH0101594S,1,2,,Standard
MW2484866,1,,64,Standard
MW2175102RN,1,,64,Premium
RH00017,1,2,,Standard
RH0155783F5,1,2,,Premium
RH00024S,1,2,,Standard
MW1981934S,1,,16,Standard
RH00032RN,1,2,,Layered
RH2396610F5,,2,,AMC
RH01126,1,2,,Self-Support
RH00014RN,1,2,,Standard
MCT2936F3,1,2,,Standard
RH00007S,1,2,,Standard
RH00375RN,1,2,,Standard
RH00005,1,2,,Self-Support
RH0635043RN,,2,,Self-Support
RH1139718RN,1,2,,Layered
RH0990680F3,1,2,,Self-Support
RH00008S,1,2,,Premium
MCT2847S,1,2,,Premium
MW2986669,1,,16,Self-Support
RH00552RN,1,2,,Standard
RH00013RN,1,2,,Premium
RH00002,1,2,,Standard
MCT2856S,1,2,,Premium
RH00088F5,1,2,,Standard
MCT2982F3,1,2,,Standard
MW00101F3,1,,16,Standard
RH00322,1,2,,Premium
MW00151,,,,Standard
MW00004RN,1,2,,Premium
RH1985477,1,2,,Layered
RH01910F3,1,2,,Premium
MW0324144RN,1,,64,Standard
RH1111255F3,0,,,Layered
MCT2995,1,2,,Standard
RH0320537F3,1,2,,Standard
RH00251,1,2,,Layered
RH1583357F3,4,,,Layered
RH00029RN,1,2,,Layered
RH0192098F3RN,1,2,,Standard
RH00001F3RN,1,2,,Premium
RV00086F3RN,1,2,,Standard
RH00376F3,1,2,,Premium
MCT2933,1,2,,Premium
MW00521,1,,,Premium
MCT3769S,1,0,64,Standard
MCT3021S,1,2,,Standard
RV00012RN,1,2,,Premium
RH00308,1,2,,Premium
RH00555F3,1,2,,Premium
MCT2897,1,2,,Standard
MW0288811,1,,64,Premium
RV0235489F3,1,2,,Standard
RH00077RN,1,2,,Premium
RH0138206F3,1,4,,Standard
MW00109RN,1,,16,Standard
MCT2898F5,1,2,,Premium
RV00099,1,2,,Layered
MCT2348,1,,,Premium
RH00240,1,2,,Premium
MW3020056F3,1,,16,Standard
RH00559F3RN,1,2,,Self-Support
MCT2996,1,2,,Premium
RH0127756,1,4,,Premium
RV00011F3,1,2,,Standard
RV00052,1,2,,Premium
MCT3263,1,0,2,Premium
RH0576899RN,,2,,Standard
RS0180227,20,,,Standard
MW00100,1,,16,Premium
RH0136096RN,1,2,,Standard
RH00023F3,1,2,,Premium
RH0679408F3,,2,,Self-Support
RV00021F3RN,1,2,,Standard
MW2315603,1,,16,Standard
RS0124420F3RN,6,,,Standard
MW0906233F3RN,1,,16,Standard
RH00123,1,2,,Layered
MW00004,1,2,,Premium
RH00148F5,1,2,,Premium
MW2480331,1,,4,Premium
RH0118943F3RN,1,4,,Standard
RH2637076S,1,2,,Standard
MW0169776,1,,64,Premium
RH00764RN,1,2,,
RH00500,1,2,,Self-Support
MCT2311,1,,4,Premium
RH00152S,1,2,,Premium
RH00003F5,1,2,,Premium
RH0844913F3RN,1,1,,Self-Support
RH1549535S,1,,,Layered
MCT3292,1,2,,Layered
RH00595F3RN,1,2,,Standard
RH1149049,1,8,,Layered
RH00838RN,1,2,,Layered
MW0366252,1,,16,Self-Support
RH00756F5,1,2,,Standard
RH00149RN,1,2,,Standard
RH00394RN,1,2,,Premium
RH0636557F3,,2,,Self-Support
RH00022RN,1,2,,Standard
MW2493699RN,1,,16,Standard
RH00853,1,2,,Premium
RH0180191F3,1,2,,Standard
MCT2886,1,2,,Premium
RH299R,,,,
RHA101,,,,
RH00031S,1,2,,Layered
RH01923,1,2,,Standard
RH00814S,1,2,,Premium
RH00293S,1,2,,Standard
MW2625234S,1,,16,Premium
RH00196S,1,2,,Premium
RH00562F5,1,2,,Premium
RV0226880F3,1,2,,Premium
RH2052047,,2,,Standard
RH00198RN,1,2,,Premium
MCT2838RN,1,2,,Premium
MW0167254,1,,16,Standard
MW0144324F3,1,,4,Standard
MW2213327,1,,4,Premium
MCT2930F3RN,1,2,,Standard
MW00418,1,,2,Premium
RH0990680RN,1,2,,Self-Support
RH00770F5,1,2,,Standard
MW00523S,1,,,Premium
MW2928195,1,,16,Standard
RH00151S,1,2,,Standard
RH00084,1,2,,Standard
RH00152F3,1,2,,Premium
RV00026,1,2,,Premium
RH00558F3,1,2,,Standard
RH00376,1,2,,Premium
RH00766F5,1,2,,Standard
MCT1350S,,,,Premium
MCT2990RN,1,2,,Standard
RV00078F3,,2,,
RH00149F3RN,1,2,,Standard
MW00595,1,2,,Premium
RH00166F5,1,2,,Premium
RH00062S,1,2,,Layered
RH00484F3,1,2,,Premium
MCT3840RN,1,,,Layered
RH01177RN,1,,,Layered
MCT3835,1,,,Layered
MW2636770S,1,,16,Standard
MW0129675RN,1,,16,Premium
RH00826,1,1,,Standard
MW1981934F3,1,,16,Standard
RH00394S,1,2,,Premium
RH0247137,,4,,Standard
MW2456537F3,1,,64,Premium
RH00021RN,1,2,,Premium
RH00017RN,1,2,,Standard
RH00577F3,1,2,,Standard
RH00763F3,1,2,,Premium
RS0143423F3,5,,,Premium
RH00322RN,1,2,,Premium
RH0275404,,2,,Premium
RH00158,1,2,,Premium
MW2245273,1,,64,Standard
RH0198364,1,2,,Premium
RH00883F3RN,1,2,,Premium
RH0612148S,,4,,Self-Support
MW00330F3,32,0,16,Standard
MW00528,1,,,Premium
MCT2340RN,1,,,Dev-Professional
MW00561,Unlimited,,,Premium
MCT2441,1,,64,Premium
RH0639603F5,,4,,Self-Support
MCT3478,1,2,,Premium
RV00008,1,2,,Standard
RH00027F3,1,2,,Layered
RH00272RN,1,2,,Layered
RH0175437F5,1,2,,Premium
RH00129F5,1,2,,Standard
MW1935586,1,,16,Standard
RH00066,1,2,,Self-Support
RH00301,1,2,,Standard
RH00128,1,2,,Premium
RH0103732,1,1,,Premium
RH00575F3,1,2,,Self-Support
RH00067,1,2,,Standard
RH00297,1,2,,Standard
RH00313,1,2,,Standard
RH00860,1,2,,Standard
RH254VC,,,,
RH00026F3,1,2,,Layered
RH0986300F3RN,1,2,,Self-Support
RH00240F3RN,1,2,,Premium
RH01934F5,1,2,,Premium
RH00198,1,2,,Premium
MW00147,,,,Standard
RH00486F3,1,2,,Premium
RH00602,1,2,,Premium
RH0190347F3RN,1,2,,Standard
RH00061F3RN,1,2,,Layered
RH00541RN,1,2,,Premium
RH0951739F3,1,2,,Standard
RH0136177RN,1,1,,Premium
RH0990680S,1,2,,Self-Support
MW2747199,1,,16,Standard
RH1736046F3,1,2,,Layered
MW00096,1,2,,Premium
RH00763F5,1,2,,Premium
MCT2736,1,,2,Standard
MCT2979F3,1,2,,Premium
MW2162525RN,1,,64,Standard
RH0811325,50,1,,Premium
MW2399076,1,,64,Premium
RH00892,1,2,,Standard
MW00130F3,,,,Premium
MW00007F3RN,1,2,,Standard
RH00374S,1,2,,Premium
RH00769,1,2,,Premium
RV0231785,1,4,,Standard
RH0120967,1,2,,Standard
RH1549535,1,,,Layered
RH00137F3RN,1,2,,Standard
RH00429,1,2,,Standard
RV0236407F3RN,1,2,,Standard
RH00010F5,1,2,,Self-Support
MW00122RN,2,,4,Premium
MW2956139F3,1,,16,Standard
RH00035,1,2,,Layered
RH00854,1,2,,Standard
MW0209913RN,1,,64,Standard
MW0257747,1,,64,Premium
RH01911F3,1,2,,Standard
RH0125194RN,1,4,,Standard
MCT3293F3,1,2,,Layered
RH00321F5,1,2,,Standard
RH00262F5,1,2,,Layered
RH00294,1,2,,Premium
MCT3021F3,1,2,,Standard
MW2122821F3RN,1,,16,Standard
RH0316714F3,1,4,,Standard
MCT2977F3,1,2,,Premium
SER0480,5,0,,Self-Support
MW00150RN,,,4,Premium
RH0989838F3,1,2,,Standard
RH0162111F3RN,1,2,,Standard
MW3040672RN,1,,16,Premium
RS00163,1,2,,Standard
RH0636557RN,,2,,Self-Support
MCT2838S,1,2,,Premium
RH00324,1,2,,Premium
RH00099F3,1,2,,Layered
RH00585S,1,2,,Standard
RH2378166F5,,4,,AMC
MW2495663F3,1,,16,Premium
RH1367869F3,1,4,,Layered
RV0112483,,1,,Premium
MW0129675F3RN,1,,16,Premium
MW2395631,1,,64,Premium
MW0324144S,1,,64,Standard
RH00104F3RN,1,2,,Layered
RH00775F3,1,2,,Premium
MCT0798F3,1,2,,Premium
MCT2884,1,2,,Premium
RV00011,1,2,,Standard
MW0288811S,1,,64,Premium
MW00501,1,0,2,Premium
RV00041S,1,2,,Layered
RH00024RN,1,2,,Standard
RH0172450,1,2,,Premium
RH00196F5,1,2,,Premium
MW2122821F3,1,,16,Standard
MCT3474RN,1,2,,Layered
RH3413336RN,1,2,,Dev-Enterprise
MW00699,1000,,1,Premium
RH00250F3,1,2,,Layered
RH00245F5,1,2,,Standard
MCT2310,1,,4,Standard
RH01177,1,,,Layered
RH0103708,1,8,,Premium
MW00513,1,,,Premium
RH00302,1,2,,Premium
MCT1044,1,2,,Standard
MCT3332,1,2,,Standard
RH00886,1,2,,Standard
MW0251805,1,,4,Standard
RH124R,,,,
RH01915F3,1,2,,Standard
MCT2859RN,1,2,,Standard
MW00119,,,,
MCT3478F3RN,1,2,,Premium
RH00082,1,2,,Standard
MCT1174S,1,2,,Self-Support
MW0157356F3,1,,16,Standard
RH00303F3,1,2,,Standard
RH00849,1,2,,Standard
RH00605F3,1,2,,Standard
RH01935F5,1,2,,Premium
MCT2735F3,1,,2,Premium
MW0222198F3,1,,16,Standard
MW0571666,1,,4,Premium
MW00526,1,,,Premium
MCT3637RN,1,2,,Layered
RH0989838F3RN,1,2,,Standard
RHA100,,,,
SER0564,1,,2,Standard
RH00035RN,1,2,,Layered
RH00846,1,2,,Standard
RH0118943RN,1,4,,Standard
MW00145F3,,,,Standard
MCT3697,,,,
RH00820,1,1,,Premium
MW2084894,1,,64,Premium
RH00767F3,1,2,,Premium
RH00377S,1,2,,Standard
RH0173432F3,1,2,,Standard
MW00120HR,,,,
RH00302S,1,2,,Premium
RH0981731F3,1,2,,Standard
MW2300282F3,1,,16,Premium
MW3062057,1,,16,Self-Support
MW00330RN,32,0,16,Standard
RH00150S,1,2,,Premium
RH00025,1,2,,Layered
RH00307,1,2,,Standard
MCT0351,1,2,,Basic
MW2803503,1,,16,Premium
RH00245RN,1,2,,Standard
RH00247,1,2,,Standard
MCT0915F3,1,2,,Standard
MCT2933F5,1,2,,Premium
MCT2886S,1,2,,Premium
RH0100931F3,1,4,,Standard
RH00846F3RN,1,2,,Standard
RH00884,1,2,,Standard
SER0562,16,,2,Standard
RS0116327,5,,,Standard
RH00604F3,1,2,,Premium
RH00757F5,1,2,,Premium
RH00586,1,2,,Premium
MW00210HR,,,,Premium
RH00160F3,1,2,,Premium
MCT3479S,1,2,,Standard
RH00317RN,1,2,,Standard
RH1596138F3,1,,,Layered
MW2156844,1,,1,Standard
RH00300F3RN,1,2,,Premium
RH0986300S,1,2,,Self-Support
MW0196814F3,1,,16,Standard
MW2703272F3RN,1,,16,Premium
MW2250092S,1,,64,Premium
RH0154946RN,1,1,,Premium
RH00059S,1,2,,Layered
RH00393RN,1,2,,Premium
MCT3293,1,2,,Layered
RH3482727S,1,2,,Dev-Professional
MCT2927RN,1,2,,Premium
RS0143423F3RN,5,,,Premium
RH00196F3RN,1,2,,Premium
RH0159981,1,2,,Standard
SER0571,16,,2,Self-Support
MW2706933RN,1,,16,Premium
MCT2859F3RN,1,2,,Standard
RH0180191,1,2,,Standard
RS0137398F3,20,,,Premium
RH0166921,1,6,,Premium
MW0935445S,1,,16,Premium
RH01173RN,1,2,,Standard
MW00422,1,,2,Standard
MW0335876F3RN,1,,4,Standard
RH00197F3,1,2,,Standard
RH1596138RN,1,,,Layered
RH00002F3RN,1,2,,Standard
RH00062,1,2,,Layered
MCT2979F5,1,2,,Premium
RH00883,1,2,,Premium
RH00197,1,2,,Standard
RH0576899F3,,2,,Standard
RH01911,1,2,,Standard
RH1139718F5,1,2,,Layered
MW00692,1,,1,Self-Support
RH00557F3,1,2,,Premium
RV0289446,1,2,,Standard
MW0118519,1,,64,Standard
RH00167F3,1,2,,Standard
RH1306813F3,1,1,,Layered
MW2456537RN,1,,64,Premium
RH00740,1,2,,Self-Support
MW2223317,1,,4,Standard
RH00012F5,1,2,,Standard
MW0196814RN,1,,16,Standard
RH00856,1,2,,Standard
ESA0055,Unlimited,unlimited,,Premium
RH00026F3RN,1,2,,Layered
RH00248RN,1,1,,Premium
MW3023854S,1,,64,Premium
RH00764,1,2,,Standard
MCT3820,1,2,,Premium
MW0191116RN,1,,1,Standard
RH00246F3,1,2,,Premium
RH00363RN,1,2,,Standard
RH00033RN,1,2,,Layered
MW00115,,,,Standard
MW00146HR,,,,
RH1414165F3,1,2,,Layered
RH199R,,,,
RH00165F3,1,2,,Standard
MW0174538F3,1,,4,Premium
RH01032F3,1,2,,Standard
RH00022S,1,2,,Standard
RV00046,1,,,Layered
RH00252RN,1,2,,Layered
RH0134973RN,1,2,,Premium
MW00134F3,,,,Premium
RH00018,1,2,,Premium
MW2851837,1,,64,Standard
RH0120967RN,1,2,,Standard
MCT2850F3,1,2,,Standard
RH0118943,1,4,,Standard
RH00602F5,1,2,,Premium
RH0197181F3RN,1,2,,Self-Support
MW00450,128,0,64,Premium
MW00697,1,,1,Self-Support
MW2473093,1,,16,Premium
RH00603,1,2,,Standard
RH00317,1,2,,Standard
RH00903RN,1,2,,Premium
MCT3106,1,2,,Premium
RH00320,1,2,,Premium
MCT2859F3,1,2,,Standard
MW00330S,32,0,16,Standard
MW0174538,1,,4,Premium
MW2765910RN,1,,64,Premium
RH00376S,1,2,,Premium
MW2286727S,1,,16,Standard
RH00594S,1,2,,Premium
MW0259812,1,,64,Standard
MW1981934,1,,16,Standard
RH00976RN,1,2,,Premium
MW2251119,1,,1,Premium
RH00001F3,1,2,,Premium
RH0576899F5,,2,,Standard
MCT2927,1,2,,Premium
RH00254F3,1,2,,Layered
RH01935,1,2,,Premium
RH00768S,1,2,,Standard
RH0162111RN,1,2,,Standard
RH0823221RN,50,1,,Standard
RH00602S,1,2,,Premium
MCT3754,1,0,2,Standard
RH00298F3,1,2,,Premium
MCT2896F3,1,2,,Premium
MW3006946,1,,16,Standard
MW0232248F3,1,,16,Standard
RH00042,1,2,,Layered
RH00742,1,2,,Layered
RH00014,1,2,,Standard
RH00009RN,1,2,,Standard
RH00769F5,1,2,,Premium
RH00138F5,1,2,,Premium
RH0989838F5,1,2,,Standard
RV00086RN,1,2,,Standard
MCT3156RN,1,2,,Premium
RH00104F3,1,2,,Layered
RH0136096,1,2,,Standard
MW3053102,1,,16,Premium
MCT2885F3RN,1,2,,Standard
RH2951752,1,2,,Premium
RH00024F3,1,2,,Standard
RS0143423S,5,,,Premium
RH00128RN,1,2,,Premium
RH00296,1,2,,Premium
RH00837F3,1,2,,Layered
MW2300217F3,1,,64,Standard
MW2383840RN,1,,16,Premium
RH00768F5,1,2,,Standard
RH00036F3,1,2,,Layered
ESA0003,Unlimited,unlimited,,Premium
MCT2990F3,1,2,,Standard
RH00019F3RN,1,2,,Standard
RH00024F3RN,1,2,,Standard
MCT2899,1,2,,Standard
RH00174,1,2,,Premium
MCT2748,1,,2,Standard
RH00585,1,2,,Standard
MW00624,1,,2,Standard
RH1985477S,1,2,,Layered
MW0175348,1,,4,Standard
RH00739RN,1,2,,Standard
RV0223026,1,2,,Standard
RH00025S,1,2,,Layered
RH00649RN,1,2,,Standard
RV00008RN,1,2,,Standard
RH00295,1,2,,Standard
RH00292S,1,2,,Premium
MCT0917F3,1,2,,Standard
RV00018F3,1,2,,Premium
RH3482727,1,2,,Dev-Professional
MW00134,,,,Premium
MW1907408,1,,16,Premium
RH00159S,1,2,,Standard
RH1145289S,1,2,,Layered
MCT2896,1,2,,Premium
MW0508676F3,1,,16,Standard
RH00512,1,2,,Layered
RH0635043F3RN,,2,,Self-Support
RH1552955RN,Unlimited,,,Layered
MW00227,,,,
RS0148867F3,40,,,Standard
RH00767S,1,2,,Premium
RH0125194F3,1,4,,Standard
RH00003RN,1,2,,Premium
RH00103F3,1,2,,Layered
RH00557S,1,2,,Premium
RH1171583F5,1,4,,Layered
MW00130HR,,,,Premium
MW00656,,,,Premium
MCT2351,1,,,AMC
RH01910S,1,2,,Premium
RV00022F3RN,1,2,,Premium
RH00566F3,1,2,,Premium
RH2353525,,2,,AMC-Enhanced
MW0174836F3,1,,64,Premium
RH00749S,1,2,,Layered
RH0994758,1,2,,Standard
RH00300RN,1,2,,Premium
RH00030RN,1,2,,Layered
RH00766RN,1,2,,Standard
RV00085,1,2,,Premium
MW0929366RN,1,,64,Standard
MW0247093,1,,16,Standard
MCT3830,1,,,Layered
MCT3759,1,0,2,Premium
MW00085F3,1,2,,Standard
MCT2338,1,2,,Dev-Professional
RH00030F3RN,1,2,,Layered
RH00744,1,2,,Layered
RH00570,1,2,,Self-Support
RH0989838,1,2,,Standard
RV0159586F5,,2,,Standard
MW00003F3,1,2,,Standard
MW0222198RN,1,,16,Standard
RV00001RN,1,2,,Premium
RH00561,1,2,,Self-Support
RH1500861,Unlimited,,,Layered
RH0175437,1,2,,Premium
MW00119F3,,,,Standard
RH00202F5,1,2,,Premium
ESA0002,Unlimited,unlimited,,Premium
RH01912S,1,2,,Premium
RH0990680F3RN,1,2,,Self-Support
RH00499F5,1,2,,Layered
RV0236407F5,1,2,,Standard
RH2608013S,1,2,,Premium
RH00004RN,1,2,,Standard
MW2254895RN,1,,16,Standard
MW0222833RN,1,,16,Premium
RH00558F3RN,1,2,,Standard
MCT3477F3,1,2,,Standard
MW3058012F3RN,1,,16,Standard
RH00855,1,2,,Premium
MW00138,2,,,Premium
RH00040S,1,2,,Layered
RH00552F3,1,2,,Standard
RH00300S,1,2,,Premium
RH00097RN,1,2,,Layered
RH1173900F3,1,4,,Layered
MCT3105,1,2,,Premium
MCT3006F5,1,2,,Premium
RH00321RN,1,2,,Standard
RH00008F3,1,2,,Premium
MW0290056,1,,64,Standard
MW3053102RN,1,,16,Premium
MW00693,1,,1,Self-Support
RH1782743,1,2,,Layered
RH0380468,1,4,,Standard
MW2703272,1,,16,Premium
RH2686509RN,1,2,,Standard
RH1150675F3RN,1,2,,Layered
RV00012F3,1,2,,Premium
MW00210MO,,,,
RH00313S,1,2,,Standard
MW00150,,,,Premium
RH1519992F3RN,1,,,Layered
RH00561S,1,2,,Self-Support
RH00202F3,1,2,,Premium
MCT2347,1,,,Standard
MW00661,Unlimited,,,Premium
RH0111912,1,2,,Premium
RH00510F3,1,2,,Layered
RH01181RN,1,2,,Premium
MW00142HR,,,,
RH00241F3,1,2,,Standard
RH2331729,,4,,Premium
MW0153748S,1,,16,Premium
MW2187440,1,,1,Premium
RH00513F5,1,2,,Layered
RH2651652F5,1,2,,Standard
RH01914,1,2,,Premium
MCT2886F3,1,2,,Premium
RH1227988F5,1,2,,Layered
RH0651940F3,,8,,Self-Support
MW2689800,1,,64,Premium
MW0196814S,1,,16,Standard
ESA0015,Unlimited,unlimited,,Premium
RS00150,1,4,,Premium
RH00001F5,1,2,,Premium
RH00002F5,1,2,,Standard
RH00021S,1,2,,Premium
RH0165545F3,1,4,,Premium
MCT2970,3,,,Standard
RH1227988F3,1,2,,Layered
MCT2738,1,,4,Standard
MW2250092RN,1,,64,Premium
MW2383840,1,,16,Premium
RH00559S,1,2,,Self-Support
RH0134973F3,1,2,,Premium
RH1552955S,Unlimited,,,Layered
MCT3758,1,0,2,Standard
MW0401904S,1,,16,Premium
RH00768F3,1,2,,Standard
MW0186831S,1,,64,Standard
RH00040F3,1,2,,Layered
RH00314F3RN,1,2,,Premium
RH0923296F3,1,2,,Premium
RH00556S,1,2,,Standard
MW2132048,1,,16,Premium
RH00012S,1,2,,Standard
RH00604,1,2,,Premium
MCT2867,10,,,Self-Support
RH00025RN,1,2,,Layered
RH00013,1,2,,Premium
RH00019S,1,2,,Standard
RH00197F5,1,2,,Standard
MCT2979F3RN,1,2,,Premium
MCT3293RN,1,2,,Layered
MW2315603F3RN,1,,16,Standard
MW00655,Unlimited,,,Premium
MCT2748F3,1,,2,Standard
MW2175102,1,,64,Premium
MW00116HR,,,,
MW0384763F3RN,1,,16,Premium
MW2175102S,1,,64,Premium
MW2288946,1,,4,Premium
RH00814F3,1,2,,Premium
RH1387643F3,1,2,,Layered
RH00148F3,1,2,,Premium
MCT2844RN,1,2,,Premium
MW0176371,1,,16,Self-Support
RH00022F3,1,2,,Standard
RH0138206F5,1,4,,Standard
RV00011RN,1,2,,Standard
RH3413336F3RN,1,2,,Dev-Enterprise
RH00019,1,2,,Standard
MW2495663F3RN,1,,16,Premium
RH00003F3,1,2,,Premium
MW2799571F3RN,1,,16,Standard
ESA0023,Unlimited,unlimited,,Premium
MCT2910F3,,,,Layered
RH00061RN,1,2,,Layered
RH00767F3RN,1,2,,Premium
MW2297350,1,,16,Standard
MW2870549RN,1,,64,Premium
RH00822,1,1,,Standard
RH00198F3,1,2,,Premium
MW2122821,1,,16,Standard
RH00043,1,2,,Layered
RH00097F3,1,2,,Layered
MCT2841RN,1,2,,Standard
RH0383454,1,2,,Standard
RH00023F3RN,1,2,,Premium
RH00273,1,2,,Layered
RH00064S,1,2,,Layered
RH00099,1,2,,Layered
RH00788,1,2,,Standard
RH00100,1,2,,Layered
RH0811325F3RN,50,1,,Premium
MW0157356RN,1,,16,Standard
RH00009S,1,2,,Standard
MW00506S,1,,,Premium
RH00374F3,1,2,,Premium
RH00796,1,2,,Self-Support
RH3413336,1,2,,Dev-Enterprise
RH00087,1,2,,Premium
RH0197329,1,2,,Premium
RS0184177F3,10,,,Standard
MW00102,1,,64,Premium
RV0216914F3,1,2,,Standard
RH00241F5,1,2,,Standard
MW2318991,1,,1,Premium
RH1261574F3RN,1,2,,Layered
RH00594F3RN,1,2,,Premium
RH00372,1,2,,Standard
RH0172450F5,1,2,,Premium
RH00021,1,2,,Premium
RH0149709F3,1,2,,Standard
RH00321,1,2,,Standard
RH00739F5,1,2,,Standard
RH00484S,1,2,,Premium
RH00838F3,1,2,,Layered
MCT3865,1,,,Self-Support
RH01182RN,1,2,,Standard
RV00080F3,1,2,,Standard
MW00152HR,,,,
RH00855F3,1,2,,Premium
MW00075,1,,16,Standard
RH00306F3,1,2,,Premium
MW0849924,1,,16,Premium
MCT3844,1,,,Layered
RH00918RN,1,2,,Premium
MCT3475S,1,2,,Layered
RH2630569,1,4,,Standard
RH0175705F3,1,2,,Premium
RH2812906,1,2,,Layered
RH00062F3,1,2,,Layered
RS0137398S,20,,,Premium
MCT3474F3,1,2,,Layered
RH00152F3RN,1,2,,Premium
MW00132,,,,
ESA0037,Unlimited,unlimited,,Premium
RH01126F3RN,1,2,,Self-Support
RH0598974F5,,2,,Premium
MW00335,32,0,64,Premium
RH0923296,1,2,,Premium
RH00081F3,1,2,,Premium
RH0149450F3,1,2,,Premium
RH00241F3RN,1,2,,Standard
RC0305160RN,22,,,Premium
MCT3108,1,2,,Standard
RH00015S,1,2,,Self-Support
RH00884RN,1,2,,Standard
RH01911RN,1,2,,Standard
RH00820RN,1,1,,Premium
RH00885RN,1,2,,Premium
RH0197329F5,1,2,,Premium
RH0939261,1,2,,Standard
MW00007F3,1,2,,Standard
RH3286183F3,1,2,,Self-Support
RH00152,1,2,,Premium
MW0335876F3,1,,4,Standard
MCT2850S,1,2,,Standard
RH00156S,1,2,,Premium
MCT0315US,1,2,,Standard
RH1139718,1,2,,Layered
RV0236407RN,1,2,,Standard
RH00102F5,1,2,,Layered
RH00022F3RN,1,2,,Standard
MW3023854RN,1,,64,Premium
MW0475457,1,,4,Premium
RH3482727RN,1,2,,Dev-Professional
RH2055990S,,2,,Standard
RV0216914F5,1,2,,Standard
MW0167254RN,1,,16,Standard
MCT2850,1,2,,Standard
MW3053102F3RN,1,,16,Premium
MW2162525,1,,64,Standard
MW2300282,1,,16,Premium
RS0148867,40,,,Standard
MW00123RN,,,,
RH00025F5,1,2,,Layered
RH00128F5,1,2,,Premium
RH00485F3,1,2,,Standard
RH00849F3,1,2,,Standard
MW0257747RN,1,,64,Premium
MCT3001F3,1,2,,Standard
RH00153,1,2,,Standard
RH0981731RN,1,2,,Standard
MW00329S,32,0,16,Premium
RH3184204F3,1,2,,Standard
RH00244F5,1,2,,Premium
RH00856RN,1,2,,Standard
RH0635043F3,,2,,Self-Support
RH00275RN,1,2,,Layered
RH00014F5,1,2,,Standard
RH00162,1,2,,Premium
RH01127,1,2,,Self-Support
MW2716813,1,,16,Standard
MW00138F3RN,2,,4,Premium
MW00329RN,32,0,16,Premium
MW0167254F3RN,1,,16,Standard
MW2703272S,1,,16,Premium
MW00133,,,,
MW2259666RN,1,,64,Premium
MW00092RN,1,2,,Premium
RH00028F5,1,2,,Layered
MW2399076F3,1,,64,Premium
RH00198S,1,2,,Premium
RH00310,1,2,,Premium
RH00303,1,2,,Standard
MCT2990F3RN,1,2,,Standard
MCT2739RN,1,,2,Premium
RH0118765,1,4,,Premium
RH00100F3,1,2,,Layered
RH00416RN,1,2,,Premium
MW2495663RN,1,,16,Premium
RH0394610F3,1,2,,Premium
RV00007,1,2,,Premium
RH0138206,1,4,,Standard
MCT3762,1,0,2,Standard
MW00130,,,,Premium
RH1545541,4,,,Layered
MW2625234F3,1,,16,Premium
RH00292RN,1,2,,Premium
MW2455568,1,,16,Standard
RS0155716,5,,,Premium
RH2371794F5,,2,,Premium
MW0232248F3RN,1,,16,Standard
MCT3265,1,0,2,Standard
MW00123F3,,,,Standard
SER0421,25,,4,Self-Support
MW2484866RN,1,,64,Standard
RH00271S,1,2,,Layered
MW00698,1,,1,Self-Support
MCT2338RN,1,2,,Dev-Professional
RH00594F3,1,2,,Premium
MCT2989F5,1,2,,Premium
RH00558,1,2,,Standard
MCT2979RN,1,2,,Premium
RH1160941,1,1,,Layered
RH0684361,,2,,Self-Support
RH00295F3,1,2,,Standard
MW0157356,1,,16,Standard
RS0191579RN,6,,,Premium
MW00503,4,,,Premium
ESA0052,Unlimited,0,Unlimited,Premium
RH00138,1,2,,Premium
RH2655312,1,2,,Self-Support
RH00252,1,2,,Layered
MW00003,1,2,,Standard
RH00295S,1,2,,Standard
RH0190347,1,2,,Standard
ESA0001,Unlimited,unlimited,,Premium
MW2798506,1,,64,Premium
RH00136,1,2,,Premium
RH00267,1,2,,Standard
RH00589F5,1,2,,Standard
RH0584599,,2,,Premium
RH00631,1,2,,Layered
RH00296RN,1,2,,Premium
RH0134405F3,1,2,,Premium
RH0154946F3RN,1,1,,Premium
RH0530842F3,,8,,Standard
RH00019F3,1,2,,Standard
RH1173900,1,4,,Layered
RH00082F5,1,2,,Standard
RH0676846,,4,,Self-Support
RH2603810RN,1,2,,Self-Support
MCT2981F5,1,2,,Premium
MCT2981F3,1,2,,Premium
RH01915,1,2,,Standard
RH3482727F3RN,1,2,,Dev-Professional
MCT3837RN,1,,,Layered
RH00844RN,1,2,,Standard
JB440R,,,,
RH0173432,1,2,,Standard
RH01966,1,,2,Premium
RH01031F3RN,1,2,,Premium
RH00014F3RN,1,2,,Standard
MW0153748RN,1,,16,Premium
RH01179,1,2,,Premium
MCT2930S,1,2,,Standard
RH00034S,1,2,,Layered
RH00558RN,1,2,,Standard
MW00114F3,,,,Premium
MCT2930F3,1,2,,Standard
ESA0012,Unlimited,0,Unlimited,Premium
MCT3823,1,0,2,Standard
MW2455568F3,1,,16,Standard
RH00504RN,1,2,,Premium
MCT2859S,1,2,,Standard
MW00123,,,,
MCT3821,1,2,,Premium
MW3053102S,1,,16,Premium
RH0951739F3RN,1,2,,Standard
RH0907987,1,2,,Premium
RS0122446,40,,,Premium
RH01936,1,2,,Premium
MW0141694F3RN,1,,16,Standard
RS0154554F3,5,,,Standard
MW00135,,,,Standard
RH00028F3RN,1,2,,Layered
RH00575,1,2,,Self-Support
MW00530,1,,,Premium
MW2113767F3,1,,16,Premium
MCT3842,1,,,Layered
MCT2863F3RN,1,2,,Standard
RH00862RN,1,2,,Standard
RH00080F3,1,2,,Standard
RS0112235,1,,,Premium
RH0162111,1,2,,Standard
RH00321S,1,2,,Standard
MCT2977,1,2,,Premium
RH2616542,1,2,,Premium
RH00011F3RN,1,2,,Premium
MCT3099,64,,,Premium
RH00028RN,1,2,,Layered
RH1394561F5,1,2,,Layered
RS00162,1,2,,Premium
RV0236407S,1,2,,Standard
MCT2927S,1,2,,Premium
MCT3843,1,,,Layered
RH00129F3,1,2,,Standard
RH01910,1,2,,Premium
RH0118765F5,1,4,,Premium
RH00244RN,1,2,,Premium
MCT1326,1,2,,Basic
RH00767RN,1,2,,Premium
RH1350153,0,,,Layered
MW0164296S,,,,Layered
MW0330103RN,1,,16,Standard
RH00148F3RN,1,2,,Premium
MW0196814,1,,16,Standard
MW0161758RN,1,,64,Premium
RH0310984,1,2,,Standard
RH00555RN,1,2,,Premium
RH00002RN,1,2,,Standard
RH00813,1,1,,Standard
MCT2981RN,1,2,,Premium
RV00054,1,2,,Premium
CL110VC,,,,
RH00104,1,2,,Layered
RV00008F3,1,2,,Standard
MCT3007RN,1,2,,Standard
MW00122F3RN,2,,4,Premium
MW2456537S,1,,64,Premium
RH00556F3RN,1,2,,Standard
RH00502RN,1,2,,Premium
RV00086,1,2,,Standard
MCT0915,1,2,,Standard
RH00062RN,1,2,,Layered
MCT2338F3,1,2,,Dev-Professional
MW00008F3RN,1,2,,Premium
RH0636557F5,,2,,Self-Support
MW2636770RN,1,,16,Standard
RH0639603,,4,,Self-Support
MW0167254F3,1,,16,Standard
RH00400,1,2,,Standard
RH00005RN,1,2,,Self-Support
RS0400765F3,1,,,Standard
MCT2863F3,1,2,,Standard
MW00076,1,,16,Standard
RH00194RN,1,2,,Premium
MW2625234RN,1,,16,Premium
MCT2885RN,1,2,,Standard
MW0324144,1,,64,Standard
MW0330103,1,,16,Standard
RH00244,1,2,,Premium
RH00039F3,1,2,,Layered
MW00131,,,,Standard
MW0191116,1,,1,Standard
RH00837,1,2,,Layered
RH1446595F3,0,,,Layered
MW00077,1,,16,Standard
RH00027S,1,2,,Layered
RH00017F3,1,2,,Standard
RH0635043,,2,,Self-Support
MCT0924F3,1,2,,Premium
RS0154745,5,,,Standard
MW0161108,1,,16,Premium
MCT1849,1,2,,Standard
RH1521643F5,Unlimited,,,Layered
RH00577,1,2,,Standard
RH00861RN,1,2,,Premium
MW2300217RN,1,,64,Standard
MCT2897F3,1,2,,Standard
MW00540,1,,,Premium
RH00098RN,1,2,,Layered
MW2257476RN,1,,16,Premium
RH00309F3RN,1,2,,Standard
RS00203,1,,,Standard
RH00103F3RN,1,2,,Layered
RH00753F3,1,2,,Layered
RH00768RN,1,2,,Standard
MCT3580,1,2,0,Standard
RH01096,,4,,Self-Support
RH00044RN,1,2,,Layered
MCT3157,1,2,,Standard
MCT2859,1,2,,Standard
SER0423,5,0,10,Standard
RH1160941RN,1,1,,Layered
MCT3837F3,1,,,Layered
MW2870549S,1,,64,Premium
RH00011,1,2,,Premium
RH00840F3,1,2,,Standard
MW2495663S,1,,16,Premium
RH0103732F5,1,1,,Premium
RH00199RN,1,2,,Standard
MW0175348F3RN,1,,4,Standard
RH00843,1,2,,Premium
MCT1033,1,2,,Basic
RH01179RN,1,2,,Premium
MW2245273F3RN,1,,64,Standard
RH00042RN,1,2,,Layered
RH00741,1,2,,Self-Support
RH00820F3,1,1,,Premium
MW2300217S,1,,64,Standard
RH00060,1,2,,Layered
RH00121RN,1,2,,Layered
RH00838,1,2,,Layered
RH0958488F5,1,2,,Standard
MW00211HR,,,2,Premium
RH1792702,1,2,,Layered
MW00150HR,,,,
RH0612908S,,2,,Self-Support
RH0159981F3,1,2,,Standard
RH00200RN,1,2,,Premium
RH0823221F3,50,1,,Standard
RH00859RN,1,2,,Premium
MCT3757,1,0,2,Premium
RH2675442,1,4,,Premium
RH01914F5,1,2,,Premium
RH3437268,1,2,,Dev-Professional
RH0990680,1,2,,Self-Support
MCT3697F3,,,,
MCT2884F3,1,2,,Premium
MW2706933,1,,16,Premium
RS0124420S,6,,,Standard
RH00009,1,2,,Standard
RH00043F3,1,2,,Layered
MW00694,1000,,1,Premium
RH00297F3,1,2,,Standard
RS0109273,8,,,Self-Support
RH00083RN,1,2,,Premium
RH00270,1,2,,Layered
RH00006F3,1,2,,Premium
RH00763,1,2,,Premium
MW0290056F3RN,1,,64,Standard
MW3005699,1,,64,Standard
RH00557RN,1,2,,Premium
RH00254RN,1,2,,Layered
RH00374,1,2,,Premium
RH0612908,,2,,Self-Support
MW00080,1,,16,Standard
RH00558S,1,2,,Standard
RH0958488F3,1,2,,Standard
MCT3822,1,0,2,Premium
RH1411765,1,2,,Layered
RH00560F3RN,1,2,,Self-Support
MCT2863,1,2,,Standard
RH3413336F3,1,2,,Dev-Enterprise
JB248VC,,,,
RH00555F5,1,2,,Premium
RH0149709,1,2,,Standard
RH0172450F3,1,2,,Premium
RH00015,1,2,,Self-Support
RH2637076,1,2,,Standard
MW2184732,1,,64,Premium
MW0150761,1,,16,Self-Support
RH00649,1,2,,Standard
RH0134973F3RN,1,2,,Premium
RH00155,1,2,,Standard
RH1387643F5,1,2,,Layered
MW00082,1,,16,Standard
RS0122446RN,40,,,Premium
RH00168F3,1,2,,Premium
MW00138HR,,,,
RH0175705,1,2,,Premium
RS0121353,8,,,Standard
RH00498,1,2,,Layered
RH0111912RN,1,2,,Premium
MW0581230S,1,,16,Premium
RH00815S,1,2,,Standard
RV0243858,1,2,,Premium
MW00007,1,2,,Standard
RH0986300F3,1,2,,Self-Support
RH00926,1,2,,Premium
ESA0022,Unlimited,unlimited,,Premium
RH2908174,1,2,,Premium
MW00126,,,,
RH00079F3,1,2,,Premium
RH00081F5,1,2,,Premium
RH00153S,1,2,,Standard
RH00595RN,1,2,,Standard
MW0161758S,1,,64,Premium
MW00134HR,,,,
RH00273RN,1,2,,Layered
RH00098,1,2,,Layered
RH00008,1,2,,Premium
RH00594RN,1,2,,Premium
RH00250,1,2,,Layered
MW0384763,1,,16,Premium
RH00038RN,1,2,,Layered
RH00837RN,1,2,,Layered
MW2254895F3RN,1,,16,Standard
RH00196,1,2,,Premium
RH00842,1,2,,Standard
RH3413336S,1,2,,Dev-Enterprise
RH00194F5,1,2,,Premium
RH00561F3,1,2,,Self-Support
RH00813S,1,1,,Standard
RH1532041F5,Unlimited,,,Layered
MW00330F3RN,32,0,16,Standard
RH0103188F3,1,4,,Premium
RH00304F3,1,2,,Premium
RH00563F3,1,2,,Standard
MCT2735S,1,,2,Premium
RH00007RN,1,2,,Standard
MCT3764,1,0,2,Standard
RH00165F5,1,2,,Standard
RH00027F3RN,1,2,,Layered
RH00001,1,2,,Premium
RH00246,1,2,,Premium
RV0243858F5,1,2,,Premium
RH00249F3,1,1,,Standard
RH00155S,1,2,,Standard
RH00019RN,1,2,,Standard
MW00008,1,2,,Premium
RH00765RN,1,2,,Premium
RH00837F5,1,2,,Layered
SER0563QU,1,,2,Standard
RH00847,1,2,,Self-Support
MW0105921F3,1,,4,Premium
MCT3826,1,0,2,Premium
MW2716813RN,1,,16,Standard
MCT2887,1,2,,Standard
MW0221711,1,,4,Premium
MW2137094RN,1,,16,Standard
RH01035,1,2,,Premium
MCT2886RN,1,2,,Premium
MCT2741,11,,2,Layered
RH0962876F3,1,1,,Standard
RH01914F3,1,2,,Premium
RH00301F3,1,2,,Standard
RS0143423,5,,,Premium
MCT3579,1,0,2,Premium
MW2703272RN,1,,16,Premium
RS00081,1,,,Layered
MW00150F3,,,,Premium
MW2609165,1,,64,Standard
MW2257476F3RN,1,,16,Premium
RH00297F5,1,2,,Standard
MCT2318F3RN,1,,4,Standard
MW0186831RN,1,,64,Standard
RH00123F3RN,1,2,,Layered
RH00366,1,2,,Standard
MCT2737,1,,4,Premium
RH00555,1,2,,Premium
RH00593F5,1,2,,Self-Support
MW0330103S,1,,16,Standard
RH00847RN,1,2,,Self-Support
SER0565,1,,2,Standard
MW00361,1,0,2,Premium
RH00017S,1,2,,Standard
RH0951739RN,1,2,,Standard
RH00574RN,1,2,,Standard
RH00275,1,2,,Layered
RH0981731F3RN,1,2,,Standard
MW0232248S,1,,16,Standard
MW1907408RN,1,,16,Premium
MCT0310US,1,2,,Standard
MCT3755,1,0,2,Premium
RH00003F3RN,1,2,,Premium
MW2157302,1,,4,Standard
RH00850,1,2,,Premium
MW0222198,1,,16,Standard
RH00137,1,2,,Standard
MW00115F3,,,,Standard
RH00028F3,1,2,,Layered
MW2360014,1,,16,Premium
MW00421,1,,2,Premium
RH00649F3,1,2,,Standard
MW00503S,4,,,Premium
RV00093,1,2,,Layered
MW00101RN,1,,16,Standard
RH0232409S,,2,,Premium
RH00078F3RN,1,2,,Standard
RH00153RN,1,2,,Standard
RH3482727F3,1,2,,Dev-Professional
MCT1786F3,1,1,,Standard
RH2608013F3,1,2,,Premium
RH00556F3,1,2,,Standard
RH1736046,1,2,,Layered
RH00154RN,1,2,,Premium
RV0213787RN,1,2,,Premium
MCT3825,1,0,2,Standard
RH2396610,,2,,AMC
RH00163,1,2,,Standard
MCT2310RN,1,,4,Standard
MCT2997F3,1,2,,Standard
MCT0346F3,1,2,,Standard
MCT2989S,1,2,,Premium
RH0173432RN,1,2,,Standard
RH0155783F3,1,2,,Premium
RH00151F3,1,2,,Standard
MCT3478RN,1,2,,Premium
MW2828158,1,,16,Self-Support
RV00009,1,2,,Premium
RV00079,1,2,,Premium
MCT2933F3,1,2,,Premium
RH1314388,1,2,,Layered
RH00082F3,1,2,,Standard
RH0366124F5,1,2,,Premium
RH01938S,1,2,,Premium
JB427R,,,,
RH0986300,1,2,,Self-Support
RH00068,1,2,,Standard
MW00419,1,,2,Standard
RH2608013RN,1,2,,Premium
RH00562F3,1,2,,Premium
RH00030F3,1,2,,Layered
RH00580,1,2,,Self-Support
MW0137162RN,1,,1,Standard
RH1521643,Unlimited,,,Layered
RH00608F5,1,2,,Premium
RH00763S,1,2,,Premium
RH0350482,1,4,,Standard
RH0515353S,,2,,Premium
RH2262474F3,1,8,,Self-Support
RH00006RN,1,2,,Premium
RH00011S,1,2,,Premium
RH00158RN,1,2,,Premium
MCT2899F3,1,2,,Standard
MW0171702RN,1,,1,Premium
RH1598614F5,Unlimited,,,Layered
RH2626122S,1,2,,Self-Support
RH00603F3,1,2,,Standard
RV00021,1,2,,Standard
RH00814,1,2,,Premium
RH00008RN,1,2,,Premium
RH0574391,,2,,Standard
RH00604S,1,2,,Premium
RH01911F3RN,1,2,,Standard
RH2262474S,1,8,,Self-Support
MW2122821RN,1,,16,Standard
RH00977RN,1,2,,Standard
MCT3020S,1,2,,Premium
MW00502,,,2,
RH00031RN,1,2,,Layered
RH00199,1,2,,Standard
RH00499,1,2,,Layered
RH0392613F5,1,2,,Premium
RH0525573,,2,,Standard
MCT2841F3,1,2,,Standard
MW2399076S,1,,64,Premium
RH00843F3RN,1,2,,Premium
RV00086F3,1,2,,Standard
MW0222833F3,1,,16,Premium
RH00149S,1,2,,Standard
RH01126RN,1,2,,Self-Support
MW00116MO,,,,
RH00245F3,1,2,,Standard
MCT3769RN,1,0,64,Standard
RH1608622,1,2,,Layered
RH00377,1,2,,Standard
RH00151RN,1,2,,Standard
RV00022F5,1,2,,Premium
MW0232248RN,1,,16,Standard
MW2956139,1,,16,Standard
RH00197S,1,2,,Standard
MW00594HR,1,,,Premium
RH00083F3RN,1,2,,Premium
RH01934,1,2,,Premium
RH0167496F5,1,8,,Standard
MCT2885S,1,2,,Standard
MCT2982,1,2,,Standard
MW00092,1,2,,Premium
RH00271RN,1,2,,Layered
RV00022,1,2,,Premium
RH00369F3,1,2,,Standard
RS0116327F3,5,,,Standard
RH00766,1,2,,Standard
RV00053,1,2,,Standard
MW0196814F3RN,1,,16,Standard
MW00131F3,,,,Standard
RH0310984F3,1,2,,Standard
LS120-100,,,,
MCT2982RN,1,2,,Standard
RH00294F3,1,2,,Premium
MCT2519F3,1,,1,Standard
RH00300F3,1,2,,Premium
MW2124250,1,,64,Premium
MCT3753,1,0,2,Premium
RH00302F3,1,2,,Premium
RH00013F3,1,2,,Premium
RH00060S,1,2,,Layered
MW00329F3,32,0,16,Premium
RH00255F5,1,2,,Layered
MCT3008F3,1,2,,Standard
RH01913F3,1,2,,Standard
MCT1702,1,1,,Basic
MW00144HR,,,,
RH00150F3,1,2,,Premium
RH00164F5,1,2,,Premium
RH00195,1,2,,AMC
RV00025,1,2,,Standard
RH00155F5,1,2,,Standard
MW00332,128,0,64,Standard
RH00270S,1,2,,Layered
RH00648F3,1,2,,Premium
RH00150,1,2,,Premium
MCT2884F3RN,1,2,,Premium
RH01969,1,2,,Premium
MW2257476,1,,16,Premium
MCT2981,1,2,,Premium
RH00267F5,1,2,,Standard
RH2262474RN,1,8,,Self-Support
MCT2885,1,2,,Standard
MW3053102F3,1,,16,Premium
RH1367869RN,1,4,,Layered
MW3008878,1,,4,Standard
RH0515353,,2,,Premium
MW2281754RN,1,,16,Premium
ESA0020,Unlimited,unlimited,,Standard
RH00099F5,1,2,,Layered
SER0406,3,4,,Self-Support
RH00763RN,1,2,,Premium
RH01131,1,2,,Standard
RH00375F3,1,2,,Standard
RH0635043F4,,2,,Self-Support
MW0547878,1,,16,Standard
MW0118519RN,1,,64,Standard
MW2463104,1,,16,Self-Support
RH01035RN,1,2,,Premium
RH00033F3RN,1,2,,Layered
RH00079,1,2,,Premium
RH00081,1,2,,Premium
RH00561RN,1,2,,Self-Support
RH00560F3,1,2,,Self-Support
RH0136096F3,1,2,,Standard
RH00007F3RN,1,2,,Standard
RH00121,1,2,,Layered
RH00241,1,2,,Standard
RH1514118S,1,,,Layered
RH00764F3,1,2,,Standard
RH01923RN,1,2,,Standard
MCT2844S,1,2,,Premium
MW0243709,1,,16,Premium
MCT3587,1,2,0,Standard
MW2803503RN,1,,16,Premium
MW2799571RN,1,,16,Standard
RH2019280S,,2,,Premium
MW2493699F3,1,,16,Standard
RH00011F3,1,2,,Premium
MCT3479F3,1,2,,Standard
RH00595,1,2,,Standard
RH00486F5,1,2,,Premium
MCT0346,1,2,,Standard
MW2851837F3,1,,64,Standard
RH0190347F3,1,2,,Standard
RH0322810F3,1,2,,Premium
MCT3769F3,1,0,64,Standard
RH00510,1,2,,Layered
RH00599,1,2,,Self-Support
RV00085F3,1,2,,Premium
RH00040,1,2,,Layered
RH00059F3,1,2,,Layered
MCT2980F3,1,2,,Standard
RH00301S,1,2,,Standard
MW0375849,1,,64,Premium
MCT2884S,1,2,,Premium
RH00006S,1,2,,Premium
RH0172824,4000,2,,Premium
MW3008878F3,1,,4,Standard
RH0184831F3,1,2,,Standard
RH2331729F5,,4,,Premium
RH01181,1,2,,Premium
MW0375849RN,1,,64,Premium
RH00253,1,2,,Layered
MW0144324RN,1,,4,Standard
MCT3006,1,2,,Premium
MW0222833,1,,16,Premium
RH0939552F3,1,2,,Premium
RH00843F3,1,2,,Premium
RH00775F5,1,2,,Premium
MCT2896F5,1,2,,Premium
RH00027,1,2,,Layered
MW0137162,1,,1,Standard
MW00364,1,0,2,Standard
MCT3837,1,,,Layered
RH00309,1,2,,Standard
RS0191579,6,,,Premium
MCT3697MO,,,,
MW0174836,1,,64,Premium
MW00658,Unlimited,,,Premium
RH00583,1,2,,Self-Support
RV00078,,2,,
MW0243709RN,1,,16,Premium
RS0137398,20,,,Premium
MCT3477,1,2,,Standard
MW2987463,1,,16,Premium
RH00039S,1,2,,Layered
RV0100302,,1,,Self-Support
RH1414165F5,1,2,,Layered
MW2132048RN,1,,16,Premium
RH00034F3RN,1,2,,Layered
MCT3581,1,0,2,Standard
MCT2838F3RN,1,2,,Premium
RH1549535F3,1,,,Layered
MCT2850F3RN,1,2,,Standard
RH00129,1,2,,Standard
RH1150675,1,2,,Layered
RS0400765,1,,,Standard
MW2245273S,1,,64,Standard
RH00044,1,2,,Layered
RH0165540F3,1,4,,Standard
MW0222833S,1,,16,Premium
MW0375849S,1,,64,Premium
RH0184831,1,2,,Standard
MCT2898,1,2,,Premium
RV00085F3RN,1,2,,Premium
RH00738,1,2,,Premium
RH00014F3,1,2,,Standard
MCT3829,1,0,2,Standard
MW2111664,1,,64,Standard
RH00575RN,1,2,,Self-Support
RH00079F3RN,1,2,,Premium
MW00504,1,,,Premium
RH00202,1,2,,Premium
RH00487F5,1,2,,Standard
RH3184079,1,2,,Premium
MW2495663,1,,16,Premium
RS0149526S,1,,,Standard
RV00085RN,1,2,,Premium
MW0243709F3,1,,16,Premium
MCT3006RN,1,2,,Premium
MW0299927,1,,16,Self-Support
MW2689800S,1,,64,Premium
RH0104025,1,2,,Standard
RH1210858,1,8,,Layered
MW2216421RN,1,,16,Premium
RH00164,1,2,,Premium
RH0192098F3,1,2,,Standard
RH00852,1,2,,Self-Support
RH00595F3,1,2,,Standard
RH00747F3,1,2,,Layered
RH00039,1,2,,Layered
RH00060RN,1,2,,Layered
ESA0034,Unlimited,0,Unlimited,Premium
RH01915F5,1,2,,Standard
RH0155783RN,1,2,,Premium
RH00325,1,2,,Standard
RH00154F3RN,1,2,,Premium
RV0213787S,1,2,,Premium
RH00006F3RN,1,2,,Premium
RH00060F3RN,1,2,,Layered
MCT2838,1,2,,Premium
RS0400765RN,1,,,Standard
RH00511F3,1,2,,Layered
RH00196RN,1,2,,Premium
RH00556,1,2,,Standard
RV0111241F5,,1,,Premium
MW2113767,1,,16,Premium
MW2113767RN,1,,16,Premium
RH00750,1,2,,Layered
MW3051419RN,1,,4,Premium
MCT3819,1,2,,Premium
RH01916F5,1,2,,Premium
RH0576899,,2,,Standard
RH0133325RN,1,4,,Premium
RV0236407,1,2,,Standard
MW0212861,1,,4,Standard
RH0155783S,1,2,,Premium
RH00007F3,1,2,,Standard
RH0679408F5,,2,,Self-Support
RH00153F5,1,2,,Standard
MW0186831F3RN,1,,64,Standard
RH00430,1,2,,Standard
RH00555S,1,2,,Premium
MW00700RN,10,,1,Layered
RH02210,100,0,,Premium
RH0981731,1,2,,Standard
RH00077F3RN,1,2,,Premium
MCT2850RN,1,2,,Standard
MW2803503F3,1,,16,Premium
RH00033F3,1,2,,Layered
RH0923296S,1,2,,Premium
RH00005S,1,2,,Self-Support
RH00194,1,2,,Premium
MW00330,32,0,16,Standard
RH00022,1,2,,Standard
RH00768F3RN,1,2,,Standard
RH01922,1,2,,Premium
RH2371794,,2,,Premium
MW0906233F3,1,,16,Standard
MW0933197S,1,,64,Premium
RH00296F3,1,2,,Premium
MW0929366S,1,,64,Standard
RH00006F5,1,2,,Premium
RH00977,1,2,,Standard
MW00511,1,,,Premium
RH00738F3,1,2,,Premium
RH0254510,,2,,Standard
MCT3007F3,1,2,,Standard
MCT3641,1,2,,Layered
RH00814RN,1,1,,Premium
MCT3474,1,2,,Layered
RH0198364F3,1,2,,Premium
MW00211MO,,,2,
MW2961282,1,,64,Standard
RH3414706,1,2,,Self-Support
RH00484RN,1,2,,Premium
RH00153F3,1,2,,Standard
RH0196391,1,4,,Standard
MCT3021RN,1,2,,Standard
MW2245273F3,1,,64,Standard
RH00166F3,1,2,,Premium
MW0906233RN,1,,16,Standard
RH00272,1,2,,Layered
RH00769F3,1,2,,Premium
RH00193,1,2,,AMC
MW2050502,1,,64,Standard
MW00542,1,,,Premium
RH01891,1,2,,Layered
RH00009F5,1,2,,Standard
MW0935445RN,1,,16,Premium
RH00511,1,2,,Layered
MCT2936,1,2,,Standard
RH0844913,1,1,,Self-Support
MCT2340,1,,,Dev-Professional
RS0184177S,10,,,Standard
MW00135F3,,,,Standard
MW00508,1,,,Premium
MW2175102F3RN,1,,64,Premium
MCT3330,1,2,,Standard
MW0171702,1,,1,Premium
RH0103732F3,1,1,,Premium
RH00293F5,1,2,,Standard
MCT2980,1,2,,Standard
RH00005F5,1,2,,Self-Support
MCT3292F3,1,2,,Layered
MW0186831,1,,64,Standard
RH00844,1,2,,Standard
RV0196478S,,1,,Standard
RH00584S,1,2,,Premium
RH00297RN,1,2,,Standard
RH0101594,1,2,,Standard
MCT2926,1,2,,Premium
MW2162525F3,1,,64,Standard
RH0101594F5,1,2,,Standard
RH1145289F5,1,2,,Layered
RH00843RN,1,2,,Premium
RH0120967F5,1,2,,Standard
RH00151F3RN,1,2,,Standard
MW00146,,,,Premium
RH0134405F3RN,1,2,,Premium
MCT2338S,1,2,,Dev-Professional
MCT3838,1,,,Layered
RH00306,1,2,,Premium
RV00049,1,2,,Standard
MCT3009,4000,2,,Premium
RH2052047F3RN,,2,,Standard
RH00321F3,1,2,,Standard
RH00154F3,1,2,,Premium
RH00164F3,1,2,,Premium
MW2122821S,1,,16,Standard
MW00700S,10,,1,Layered
MW2456537,1,,64,Premium
RH00155F3RN,1,2,,Standard
RS0161878,10,,,Premium
RH00006,1,2,,Premium
RH00578F5,1,2,,Self-Support
RH00739F3,1,2,,Standard
ESA0018,Unlimited,unlimited,,Premium
MW2493699,1,,16,Standard
RS0116373,5,,,Standard
RH00065,1,2,,Self-Support
RH00783F3,1,2,,Standard
RH0612908F3RN,,2,,Self-Support
RS0174293,80,,,Standard
RH00060F5,1,2,,Layered
RH00136F3,1,2,,Premium
RH00104F5,1,2,,Layered
MCT3864,1,,1,Self-Support
MCT2927F3,1,2,,Premium
RS0161878S,10,,,Premium
MCT2067,1,,64,Premium
RH00292,1,2,,Premium
MW0251805F3,1,,4,Standard
RH1387643,1,2,,Layered
MCT2974,,,,
RH2782036,1,4,,Layered
MW0906233,1,,16,Standard
RH00593,1,2,,Self-Support
MW2257476F3,1,,16,Premium
RH00012,1,2,,Standard
RH0133325F3,1,4,,Premium
MCT3475F3,1,2,,Layered
MW2765910S,1,,64,Premium
RH00026,1,2,,Layered
MCT2862RN,1,2,,Premium
RH00574,1,2,,Standard
RH00005F3,1,2,,Self-Support
RH00128F3,1,2,,Premium
RH00323S,1,2,,Standard
RH00393,1,2,,Premium
RH0149709RN,1,2,,Standard
RH00300F5,1,2,,Premium
MW2799571S,1,,16,Standard
MW00111RN,1,,64,Standard
MCT2326,1,,4,Standard
MW0175348F3,1,,4,Standard
RH00013F3RN,1,2,,Premium
RH00748,1,2,,Layered
RH0823221,50,1,,Standard
RV00017F3,1,2,,Standard
RS0161878RN,10,,,Premium
RH00368F3,1,2,,Premium
MCT0988F3,1,2,,Basic
MCT3107,1,2,,Standard
RH00168,1,2,,Premium
RH0154946,1,1,,Premium
MW00138F3,,,,Premium
RH436VC,,,,
RH0197329F3,1,2,,Premium
MCT3828,1,0,2,Premium
MW2399076RN,1,,64,Premium
MW00696,1,,1,Self-Support
RH00847F3,1,2,,Self-Support
MW3061559,1,,16,Standard
RH00323F3,1,2,,Standard
RV0213787F3,1,2,,Premium
RH00564F3,1,2,,Self-Support
RH00824,1,1,,Premium
RH00032F3,1,2,,Layered
RH01912RN,1,2,,Premium
MW1890756S,1,,16,Premium
RH00012RN,1,2,,Standard
RH00030,1,2,,Layered
RV0216914,1,2,,Standard
MCT3697S,,,,
MCT0345,1,2,,Basic
RH1414165,1,2,,Layered
RH00023RN,1,2,,Premium
RH00757F3,1,2,,Premium
MCT3476,1,2,,Premium
MCT3761,1,0,2,Premium
MW3023854F3,1,,64,Premium
RS0149526F3,1,,,Standard
MW0118519F3,1,,64,Standard
MCT3639,1,2,,Layered
MCT0917,1,2,,Standard
RS0191579S,6,,,Premium
MCT3763,1,0,2,Premium
RH00295RN,1,2,,Standard
MW2254895F3,1,,16,Standard
RH00084RN,1,2,,Standard
RH0844913F5,1,1,,Self-Support
MCT3577,,,,
MW2493699F3RN,1,,16,Standard
RH00097F5,1,2,,Layered
MCT3831,1,,,Layered
RH00584F3,1,2,,Premium
RH00845F3RN,1,2,,Premium
MCT2926F3,1,2,,Premium
MCT2844,1,2,,Premium
RH00007,1,2,,Standard
RH00923,1,2,,Standard
RH0635043S,,2,,Self-Support
MW1953034,1,,64,Premium
RH00040RN,1,2,,Layered
MW00118,,,,Premium
RH00567F3,1,2,,Standard
RH00151F5,1,2,,Standard
RH00840,1,2,,Standard
RH00300,1,2,,Premium
RV00047,1,2,,Standard
MW2311745F3,1,,4,Standard
RH00484,1,2,,Premium
RH2655312S,1,2,,Self-Support
RH00584,1,2,,Premium
MW2157302RN,1,,4,Standard
MW0164296RN,,,,Layered
RH00742F5,1,2,,Layered
RV00085S,1,2,,Premium
MW2697333,1,,16,Standard
RH2052047F3,,2,,Standard
RS0116327RN,5,,,Standard
MCT2899F5,1,2,,Standard
RV0236407F3,1,2,,Standard
RS0184177,10,,,Standard
RS0191579F3,6,,,Premium
RV00048,1,2,,Premium
RH00839RN,1,2,,Premium
MW00120MO,,,,
MW00084S,1,2,,Premium
RH00301F5,1,2,,Standard
RH00595S,1,2,,Standard
MCT3007,1,2,,Standard
RH00510S,1,2,,Layered
RH00001S,1,2,,Premium
MCT2979,1,2,,Premium
RH1583357RN,4,,,Layered
RH00787,1,unlimited,,Self-Support
RH00556RN,1,2,,Standard
RH1552955,Unlimited,,,Layered
RH2262474,1,8,,Self-Support
RV00048F3,1,2,,Premium
RS0145777,80,,,Premium
RH00559F5,1,2,,Self-Support
RH00557,1,2,,Premium
MW0384763F3,1,,16,Premium
RH0197181F3,1,2,,Self-Support
RH00010F3,1,2,,Self-Support
RH00594,1,2,,Premium
RH00165,1,2,,Standard
RH00266F5,1,2,,Premium
RH0157117F3,1,8,,Premium
RH1414165RN,1,2,,Layered
RH0635043F5,,2,,Self-Support
MW00520,1,,,Premium
MCT3008,1,2,,Standard
MW2697333RN,1,,16,Standard
MW0384763S,1,,16,Premium
MW0175348RN,1,,4,Standard
RH1387643RN,1,2,,Layered
MCT1765F3RN,1,,128,Premium
LS220,,,,
RH00001RN,1,2,,Premium
RH00292F3,1,2,,Premium
RH00078,1,2,,Standard
RV00003,1,2,,Premium
MCT2739F3,1,,2,Premium
RH00262,1,2,,Layered
RH00739,1,2,,Standard
MW00136HR,,,,
RH00271,1,2,,Layered
RH00744RN,1,2,,Layered
RH0302128F3,1,2,,Standard
RH00602F3,1,2,,Premium
RH00084F5,1,2,,Standard
MCT2736S,1,,2,Standard
MW0161758F3RN,1,,64,Premium
MCT2841,1,2,,Standard
RH0100612,1,4,,Standard
RH00513F3,1,2,,Layered
RH00078RN,1,2,,Standard
MW0924188RN,1,,16,Standard
RH00254,1,2,,Layered
RH00976,1,2,,Premium
RS0191579F3RN,6,,,Premium
RH0105260,1,8,,Premium
RH00080RN,1,2,,Standard
MW0157356S,1,,16,Standard
RH0258149F5,,8,,Standard
RH0111823F5,1,4,,Premium
MCT2735RN,1,,2,Premium
RH01094,,2,,Standard
RH01912,1,2,,Premium
RH00002S,1,2,,Standard
RH00697,1,2,,Standard
RH0939552F5,1,2,,Premium
MW2254895,1,,16,Standard
MW00078,1,,16,Standard
RV00022F3,1,2,,Premium
RV00021F3,1,2,,Standard
RH00585RN,1,2,,Standard
RH01910F5,1,2,,Premium
